{
  "train_loss": [
    2.7443185610017493,
    2.1518346711130394,
    1.8728861402084755,
    1.7719163187606048,
    1.7473421938169358,
    1.6223361212322969,
    1.5406375045134615,
    1.3206615689588077,
    1.173927754676771,
    0.9561922166828818,
    0.9381639241052905,
    0.8527211391123621,
    0.8690861639842181,
    0.7862438050933847,
    0.7434957208394631,
    0.7677073099057253,
    0.7044288992695219,
    0.7890127705109884,
    0.7167992084425566,
    0.6243928388250826,
    0.6984184650188321,
    0.6959992375732028,
    0.7226750388951368,
    0.711874052765597,
    0.6898157812993105,
    0.768984918676445,
    0.6928847628953125,
    0.7359328743810758,
    0.7058986069077804,
    0.7051389337705335
  ],
  "val_loss": [
    4.027716491851338,
    1.9735954700072118,
    2.1494451666170833,
    1.960646194228731,
    2.1773032511761583,
    1.823606416491643,
    2.2993467947456736,
    1.0311633968280136,
    0.9262761172889932,
    0.9251096964430955,
    0.8936550620874745,
    0.8310388142894383,
    0.7934875730539392,
    0.7889450968591714,
    0.7850392513845595,
    0.7935829557981228,
    0.779949270508772,
    0.7768517806211863,
    0.7689486972393433,
    0.7504865678907172,
    0.7510609542208215,
    0.7641031448643631,
    0.7555189699483064,
    0.73897598039336,
    0.7439343694346082,
    0.751370801653233,
    0.7443818742055103,
    0.7479507216920882,
    0.7605350596224604,
    0.7482491312034291
  ],
  "train_acc": [
    0.18779342723004694,
    0.3161189358372457,
    0.4194053208137715,
    0.4522691705790297,
    0.4428794992175274,
    0.49921752738654146,
    0.5508607198748043,
    0.6009389671361502,
    0.6416275430359938,
    0.7120500782472613,
    0.7276995305164319,
    0.755868544600939,
    0.7417840375586855,
    0.7621283255086072,
    0.7746478873239436,
    0.7809076682316118,
    0.8028169014084507,
    0.7777777777777778,
    0.7871674491392802,
    0.8137715179968701,
    0.7996870109546166,
    0.8028169014084507,
    0.7949921752738655,
    0.7965571205007824,
    0.7902973395931142,
    0.7652582159624414,
    0.7824726134585289,
    0.7902973395931142,
    0.7902973395931142,
    0.7934272300469484
  ],
  "val_acc": [
    0.17177914110429449,
    0.4110429447852761,
    0.3496932515337423,
    0.43558282208588955,
    0.3803680981595092,
    0.5214723926380368,
    0.3987730061349693,
    0.7423312883435583,
    0.7668711656441718,
    0.754601226993865,
    0.754601226993865,
    0.7852760736196319,
    0.803680981595092,
    0.7975460122699386,
    0.7791411042944786,
    0.7852760736196319,
    0.7852760736196319,
    0.7975460122699386,
    0.7852760736196319,
    0.803680981595092,
    0.7914110429447853,
    0.803680981595092,
    0.8098159509202454,
    0.7975460122699386,
    0.803680981595092,
    0.7975460122699386,
    0.803680981595092,
    0.7975460122699386,
    0.7975460122699386,
    0.7975460122699386
  ],
  "learning_rates": [
    0.001,
    0.001,
    0.001,
    0.001,
    0.001,
    0.001,
    0.0001,
    0.0001,
    0.0001,
    0.0001,
    0.0001,
    0.0001,
    0.0001,
    1e-05,
    1e-05,
    1e-05,
    1e-05,
    1e-05,
    1e-05,
    1e-05,
    1.0000000000000002e-06,
    1.0000000000000002e-06,
    1.0000000000000002e-06,
    1.0000000000000002e-06,
    1.0000000000000002e-06,
    1.0000000000000002e-06,
    1.0000000000000002e-06,
    1.0000000000000002e-07,
    1.0000000000000002e-07,
    1.0000000000000002e-07
  ]
}